<?xml version="1.0" encoding="UTF-8"?>
<!DOCTYPE mapper PUBLIC "-//mybatis.org//DTD Mapper 3.0//EN" "http://mybatis.org/dtd/mybatis-3-mapper.dtd">
<mapper namespace="org.zdd.bookstore.model.dao.CommentMapper">
  <resultMap id="BaseResultMap" type="org.zdd.bookstore.model.entity.Comment">
    <!--
      WARNING - @mbg.generated
    -->
    <id column="comment_id" jdbcType="INTEGER" property="commentId" />
    <result column="book_id" jdbcType="INTEGER" property="bookId" />
    <result column="user_id" jdbcType="INTEGER" property="userId" />
    <result column="username" jdbcType="VARCHAR" property="username" />
    <result column="date" jdbcType="TIMESTAMP" property="date" />
    <result column="content" jdbcType="VARCHAR" property="content" />
    <result column="flag" jdbcType="VARCHAR" property="flag" />
  </resultMap>
</mapper>