<?xml version="1.0" encoding="UTF-8"?>
<!DOCTYPE mapper PUBLIC "-//mybatis.org//DTD Mapper 3.0//EN" "http://mybatis.org/dtd/mybatis-3-mapper.dtd">
<mapper namespace="org.zdd.bookstore.model.dao.ReplyMapper">
  <resultMap id="BaseResultMap" type="org.zdd.bookstore.model.entity.Reply">
    <!--
      WARNING - @mbg.generated
    -->
    <id column="reply_id" jdbcType="INTEGER" property="replyId" />
    <result column="type" jdbcType="VARCHAR" property="type" />
    <result column="title" jdbcType="VARCHAR" property="title" />
    <result column="content" jdbcType="VARCHAR" property="content" />
    <result column="user_id" jdbcType="INTEGER" property="userId" />
    <result column="username" jdbcType="VARCHAR" property="username" />
    <result column="date" jdbcType="TIMESTAMP" property="date" />
    <result column="user_ip" jdbcType="VARCHAR" property="userIp" />
  </resultMap>
</mapper>