<?xml version="1.0" encoding="UTF-8"?>
<!DOCTYPE mapper PUBLIC "-//mybatis.org//DTD Mapper 3.0//EN" "http://mybatis.org/dtd/mybatis-3-mapper.dtd">
<mapper namespace="org.zdd.bookstore.model.dao.RoleMapper">
  <resultMap id="BaseResultMap" type="org.zdd.bookstore.model.entity.Role">
    <!--
      WARNING - @mbg.generated
    -->
    <id column="role_id" jdbcType="INTEGER" property="roleId" />
    <result column="name" jdbcType="VARCHAR" property="name" />
    <result column="code" jdbcType="VARCHAR" property="code" />
    <result column="description" jdbcType="VARCHAR" property="description" />
    <result column="created" jdbcType="TIMESTAMP" property="created" />
    <result column="updated" jdbcType="TIMESTAMP" property="updated" />
  </resultMap>
</mapper>